"Name","LastWriteTime","FullName"
"print_20260226_205052","01/03/2026 10:56:10","C:\Users\peewe\OneDrive\Desktop\homeix\sweep_up\old_prints_quarantine\print_20260226_205052"
"print_20260226_201520","01/03/2026 10:56:09","C:\Users\peewe\OneDrive\Desktop\homeix\sweep_up\old_prints_quarantine\print_20260226_201520"
"print_20260226_203444","01/03/2026 10:56:09","C:\Users\peewe\OneDrive\Desktop\homeix\sweep_up\old_prints_quarantine\print_20260226_203444"
"print_20260227_143541","01/03/2026 10:56:09","C:\Users\peewe\OneDrive\Desktop\homeix\sweep_up\old_prints_quarantine\print_20260227_143541"
"print_20260227_173047","01/03/2026 10:56:09","C:\Users\peewe\OneDrive\Desktop\homeix\sweep_up\old_prints_quarantine\print_20260227_173047"
"print_20260301_100031","01/03/2026 10:01:18","C:\Users\peewe\OneDrive\Desktop\homeix\sweep_up\old_prints_quarantine\print_20260301_100031"
"print_20260301_094520","01/03/2026 09:46:10","C:\Users\peewe\OneDrive\Desktop\homeix\sweep_up\old_prints_quarantine\print_20260301_094520"
"print_20260301_075129","01/03/2026 07:52:16","C:\Users\peewe\OneDrive\Desktop\homeix\sweep_up\old_prints_quarantine\print_20260301_075129"
"print_20260228_105921","28/02/2026 18:27:59","C:\Users\peewe\OneDrive\Desktop\homeix\sweep_up\old_prints_quarantine\print_20260228_105921"
"print_20260228_101234","28/02/2026 10:14:12","C:\Users\peewe\OneDrive\Desktop\homeix\sweep_up\old_prints_quarantine\print_20260228_101234"
"print_20260226_160410","26/02/2026 16:07:45","C:\Users\peewe\OneDrive\Desktop\homeix\sweep_up\old_prints_quarantine\print_20260226_160410"
"print_20260226_155829","26/02/2026 16:01:25","C:\Users\peewe\OneDrive\Desktop\homeix\sweep_up\old_prints_quarantine\print_20260226_155829"
