"Path","Hash","Bytes"
"C:\Users\peewe\OneDrive\Desktop\homeix\width_531.png","ce2ff9fa5d3ee46cbe6762062b8954845e0f4f4287706467a55138a2bc9f88ce","62090"
"C:\Users\peewe\OneDrive\Desktop\homeix\.venv\Lib\site-packages\matplotlib\mpl-data\images\back-symbolic.svg","3a48ffadeb2c6647dee84c2ffe8ec6179b68739a9609e164436707436e417551","1532"
"C:\Users\peewe\OneDrive\Desktop\homeix\.venv\Lib\site-packages\matplotlib\mpl-data\images\back.pdf","651ec2268fdd01e08cf8a95a1afb2482d1d0c91b6b3c8a2573c4443a6728a899","1623"
"C:\Users\peewe\OneDrive\Desktop\homeix\.venv\Lib\site-packages\matplotlib\mpl-data\images\back.png","1387467f81a7cf5c49d6fdad33280757460d4204a1ade0de540a5a31bfbbe265","380"
"C:\Users\peewe\OneDrive\Desktop\homeix\.venv\Lib\site-packages\matplotlib\mpl-data\images\back.svg","3a48ffadeb2c6647dee84c2ffe8ec6179b68739a9609e164436707436e417551","1532"
"C:\Users\peewe\OneDrive\Desktop\homeix\.venv\Lib\site-packages\matplotlib\mpl-data\images\back_large.png","f40ea151241eb3385838d13866e1f792f388b4cd097c356eead91fae89826ec4","620"
"C:\Users\peewe\OneDrive\Desktop\homeix\.venv\Lib\site-packages\matplotlib\mpl-data\images\filesave-symbolic.svg","74c197bcb48e1cfbb8e24896819c7e07f332fed2d668fe89e8683125f2f8156d","2049"
"C:\Users\peewe\OneDrive\Desktop\homeix\.venv\Lib\site-packages\matplotlib\mpl-data\images\filesave.pdf","3f510f3d5da0e74593b7c51a5feea41684d9335c55aa8e92d87e8527a65dd5e7","1734"
"C:\Users\peewe\OneDrive\Desktop\homeix\.venv\Lib\site-packages\matplotlib\mpl-data\images\filesave.png","6fb72db9caccfc5da61be0f271379d1bf6bfcb8a47931dc5fb333b975f062e19","458"
"C:\Users\peewe\OneDrive\Desktop\homeix\.venv\Lib\site-packages\matplotlib\mpl-data\images\filesave.svg","74c197bcb48e1cfbb8e24896819c7e07f332fed2d668fe89e8683125f2f8156d","2049"
"C:\Users\peewe\OneDrive\Desktop\homeix\.venv\Lib\site-packages\matplotlib\mpl-data\images\filesave_large.png","2cd6d10f9299dca7fb9dba7eb2dc7f6b5ffa5df18149651f0dda609a7ce846f9","720"
"C:\Users\peewe\OneDrive\Desktop\homeix\.venv\Lib\site-packages\matplotlib\mpl-data\images\forward-symbolic.svg","90e88aab76b89a278c44b542c1005d38c4d1ad61b634e5ffe7eadb0051e97664","1551"
"C:\Users\peewe\OneDrive\Desktop\homeix\.venv\Lib\site-packages\matplotlib\mpl-data\images\forward.pdf","288a882f8608778dcb91c3b157f4d3e6ebf3d523fc939894354789980125315f","1630"
"C:\Users\peewe\OneDrive\Desktop\homeix\.venv\Lib\site-packages\matplotlib\mpl-data\images\forward.png","a4a6cb7a98068867b26364c2065f2cbe3be6ed9e024b78b2b05c5cab8191fb09","357"
"C:\Users\peewe\OneDrive\Desktop\homeix\.venv\Lib\site-packages\matplotlib\mpl-data\images\forward.svg","90e88aab76b89a278c44b542c1005d38c4d1ad61b634e5ffe7eadb0051e97664","1551"
"C:\Users\peewe\OneDrive\Desktop\homeix\.venv\Lib\site-packages\matplotlib\mpl-data\images\forward_large.png","dfa87b9bb0d90c7aa5ea491da4d3dc9328b62ca09eff1861c9abd6011cffda44","593"
"C:\Users\peewe\OneDrive\Desktop\homeix\.venv\Lib\site-packages\matplotlib\mpl-data\images\hand.pdf","86ca7090d63dd7928f0fb00c5a7550b3b2c53ceb65723d155222eeefa74c69b4","4172"
"C:\Users\peewe\OneDrive\Desktop\homeix\.venv\Lib\site-packages\matplotlib\mpl-data\images\hand.png","d9c7214444c629ad2160d294c672400709326171013ea272fd5a923e54f45b64","979"
"C:\Users\peewe\OneDrive\Desktop\homeix\.venv\Lib\site-packages\matplotlib\mpl-data\images\hand.svg","871c41b5a91a54503b9a964e19a92fa3441471bdb1d3aae88de4b9827566cae7","4906"
"C:\Users\peewe\OneDrive\Desktop\homeix\.venv\Lib\site-packages\matplotlib\mpl-data\images\help-symbolic.svg","5d570572ecdc2f7490dcb8df49bb5d2d80e3a01e585248f68e4d8693cbda645f","1890"
"C:\Users\peewe\OneDrive\Desktop\homeix\.venv\Lib\site-packages\matplotlib\mpl-data\images\help.pdf","09e13defc20c8b4616ce758a8c84f547c22b3f82a16744bbbac3d4beb79281c0","1813"
"C:\Users\peewe\OneDrive\Desktop\homeix\.venv\Lib\site-packages\matplotlib\mpl-data\images\help.png","b38a50aea690d29cbc23bbdcf61bf7048dc33bfb64cbeed804ca5a1ee0430816","472"
"C:\Users\peewe\OneDrive\Desktop\homeix\.venv\Lib\site-packages\matplotlib\mpl-data\images\help.svg","5d570572ecdc2f7490dcb8df49bb5d2d80e3a01e585248f68e4d8693cbda645f","1890"
"C:\Users\peewe\OneDrive\Desktop\homeix\.venv\Lib\site-packages\matplotlib\mpl-data\images\help_large.png","d48c04c967c64609e809633eafd0891c4a204c9543e67d5cf0b5d32b8009e111","747"
"C:\Users\peewe\OneDrive\Desktop\homeix\.venv\Lib\site-packages\matplotlib\mpl-data\images\home-symbolic.svg","a6daeeb3c8793d94e2f5a8587e76b3fae67c3001c2afbd9a3de316e3c4c147d4","1911"
"C:\Users\peewe\OneDrive\Desktop\homeix\.venv\Lib\site-packages\matplotlib\mpl-data\images\home.pdf","7b47b4a48f9746d3e6bd4096d954ca2f50de62ed69bcf99451e4528046d69a29","1737"
"C:\Users\peewe\OneDrive\Desktop\homeix\.venv\Lib\site-packages\matplotlib\mpl-data\images\home.png","21c15d00051aebf034aadf083b723ca78ae95e942002527c9dd04408287b0b5c","468"
"C:\Users\peewe\OneDrive\Desktop\homeix\.venv\Lib\site-packages\matplotlib\mpl-data\images\home.svg","a6daeeb3c8793d94e2f5a8587e76b3fae67c3001c2afbd9a3de316e3c4c147d4","1911"
"C:\Users\peewe\OneDrive\Desktop\homeix\.venv\Lib\site-packages\matplotlib\mpl-data\images\home_large.png","bb14b63b7b5638787589abbb09a555e1eae6209699d34ee26e6e59de2f245d88","790"
"C:\Users\peewe\OneDrive\Desktop\homeix\.venv\Lib\site-packages\matplotlib\mpl-data\images\matplotlib.pdf","0644947fedb1a228fe7977e9576b7bcb5245286d730f582d57a6808375e2ff01","22852"
"C:\Users\peewe\OneDrive\Desktop\homeix\.venv\Lib\site-packages\matplotlib\mpl-data\images\matplotlib.png","c3c28b45855afafa146576b8d618096ae42ea288acdb77f73457dd73bda95186","1283"
"C:\Users\peewe\OneDrive\Desktop\homeix\.venv\Lib\site-packages\matplotlib\mpl-data\images\matplotlib.svg","4224c872a950c066953ed1ec124fafb66264d70c70652be28e1a817bf6fd5422","62087"
"C:\Users\peewe\OneDrive\Desktop\homeix\.venv\Lib\site-packages\matplotlib\mpl-data\images\matplotlib_large.png","125468b9ef60ad4aa4657267824fa7be1e0629fa6f278804ebd5abca309b5f95","3088"
"C:\Users\peewe\OneDrive\Desktop\homeix\.venv\Lib\site-packages\matplotlib\mpl-data\images\move-symbolic.svg","fee6a62e78d0db48b04ae29b77c26f4d7505691ab8db4e8cae9156bed12bafc2","2529"
"C:\Users\peewe\OneDrive\Desktop\homeix\.venv\Lib\site-packages\matplotlib\mpl-data\images\move.pdf","0979373c62bd58be6dfb927e1b65f94e5fa76fa95c12b4c14b9a148f64ade9a5","1867"
"C:\Users\peewe\OneDrive\Desktop\homeix\.venv\Lib\site-packages\matplotlib\mpl-data\images\move.png","4e68d1e352334b3c466e1894715eb85f4cf1d818ebc5b587ddc48abe71b6bf37","481"
"C:\Users\peewe\OneDrive\Desktop\homeix\.venv\Lib\site-packages\matplotlib\mpl-data\images\move.svg","fee6a62e78d0db48b04ae29b77c26f4d7505691ab8db4e8cae9156bed12bafc2","2529"
"C:\Users\peewe\OneDrive\Desktop\homeix\.venv\Lib\site-packages\matplotlib\mpl-data\images\move_large.png","4a48f3da75bf453039b3fd20f3c81dab686b55b9ba0ce71f616e05bb8d859fd5","767"
"C:\Users\peewe\OneDrive\Desktop\homeix\.venv\Lib\site-packages\matplotlib\mpl-data\images\qt4_editor_options.pdf","daabba195c81ac9bd51f1c9c850a095225cf63107295b1f68fdd109f2b57b3fc","1568"
"C:\Users\peewe\OneDrive\Desktop\homeix\.venv\Lib\site-packages\matplotlib\mpl-data\images\qt4_editor_options.png","12bc908d0e61876770988c6dcc216230dd54e939ddd75a750837e01f96478cd3","380"
"C:\Users\peewe\OneDrive\Desktop\homeix\.venv\Lib\site-packages\matplotlib\mpl-data\images\qt4_editor_options.svg","b1dacd231613f812ef277d004a76914393f1177481e35fa981d688253d0aa818","1264"
"C:\Users\peewe\OneDrive\Desktop\homeix\.venv\Lib\site-packages\matplotlib\mpl-data\images\qt4_editor_options_large.png","f8f77ef55879688af73d96bc3ba19efc12e8e35922127a6691d0e3f1ad752646","619"
"C:\Users\peewe\OneDrive\Desktop\homeix\.venv\Lib\site-packages\matplotlib\mpl-data\images\subplots-symbolic.svg","1aae1f0d24bdf51bf9adb47cfe77a757a8dc63956c28f01159e1fe059064f425","2150"
"C:\Users\peewe\OneDrive\Desktop\homeix\.venv\Lib\site-packages\matplotlib\mpl-data\images\subplots.pdf","434b323cc23912fb6033e084f985ca3a42fd7855006678ff5f6221a23e91e29e","1714"
"C:\Users\peewe\OneDrive\Desktop\homeix\.venv\Lib\site-packages\matplotlib\mpl-data\images\subplots.png","3147c222dab7ff2cdbf724627863a09699f463be21f0803b9b98bbd01eb78917","445"
"C:\Users\peewe\OneDrive\Desktop\homeix\.venv\Lib\site-packages\matplotlib\mpl-data\images\subplots.svg","1aae1f0d24bdf51bf9adb47cfe77a757a8dc63956c28f01159e1fe059064f425","2150"
"C:\Users\peewe\OneDrive\Desktop\homeix\.venv\Lib\site-packages\matplotlib\mpl-data\images\subplots_large.png","11dbbd4b054c4045c9679a205397325bb54b7305c976175ff84b71c66c5d908b","662"
"C:\Users\peewe\OneDrive\Desktop\homeix\.venv\Lib\site-packages\matplotlib\mpl-data\images\zoom_to_rect-symbolic.svg","b8c99d1a43b8dd91e57b392989e477fcc8aa944739bd139f7d10ce858e2cc66e","1499"
"C:\Users\peewe\OneDrive\Desktop\homeix\.venv\Lib\site-packages\matplotlib\mpl-data\images\zoom_to_rect.pdf","484bcf736e207d946997e747bfb9f1f0a9313f253ae8aab8ce0413bc6166f4a0","1609"
"C:\Users\peewe\OneDrive\Desktop\homeix\.venv\Lib\site-packages\matplotlib\mpl-data\images\zoom_to_rect.png","68dcf741906b220c6ef44f9f15f690c1e095362b46b83505a02dbb7b9354d8be","530"
"C:\Users\peewe\OneDrive\Desktop\homeix\.venv\Lib\site-packages\matplotlib\mpl-data\images\zoom_to_rect.svg","b8c99d1a43b8dd91e57b392989e477fcc8aa944739bd139f7d10ce858e2cc66e","1499"
"C:\Users\peewe\OneDrive\Desktop\homeix\.venv\Lib\site-packages\matplotlib\mpl-data\images\zoom_to_rect_large.png","57aa64c669ba570144c5d83f3c425674adfb1c1ee4ddc13f728acb6bb45b50c9","1016"
"C:\Users\peewe\OneDrive\Desktop\homeix\.venv\Lib\site-packages\matplotlib\mpl-data\sample_data\grace_hopper.jpg","a8ca6d734765703b09728ab47fe59f473d93ae3967fc24c7c0288c3c7adb7130","61306"
"C:\Users\peewe\OneDrive\Desktop\homeix\.venv\Lib\site-packages\matplotlib\mpl-data\sample_data\logo2.png","0d7371e055decaac47cb6e809af3442e9c1ecd02f1c1e2d063d1cfee4b4a21d7","22279"
"C:\Users\peewe\OneDrive\Desktop\homeix\.venv\Lib\site-packages\matplotlib\mpl-data\sample_data\Minduka_Present_Blue_Pack.png","5e72868826a7a4329a950e5a9efa393594807833fb7f27e5cd001a8afb9cd081","13634"
"C:\Users\peewe\OneDrive\Desktop\homeix\outputs\annual_exhibits\exhibit_1_turnover_cashshare_annual.png","3062a0ef2006c16f557d19f7c2768477237c347ceed8bdd0b1a84e5f1ae3107b","117963"
"C:\Users\peewe\OneDrive\Desktop\homeix\outputs\annual_exhibits\exhibit_2a_transaction_levels_annual.png","f0cd1d6efce276dd10807d26b2d51e37820bf8857a9b799cfd5168a17c3fc8cc","114962"
"C:\Users\peewe\OneDrive\Desktop\homeix\outputs\annual_exhibits\exhibit_2b_transaction_mix_shares_annual.png","70234d1d2982eeaa0612c0fa811f302f081cecf8e03925ee6c6ec641a1864269","75614"
"C:\Users\peewe\OneDrive\Desktop\homeix\outputs\annual_exhibits\exhibit_3_mortgage_composition_annual.png","e14673cf47e71bee30f3c5d386d685f5321ddb8a56847bdff2eae64359bef1c1","87182"
"C:\Users\peewe\OneDrive\Desktop\homeix\outputs\annual_exhibits\exhibit_4_price_vs_turnover_index_annual.png","c6a7a8469590276fad236f43978e3a6a7dcffb3165e4e9039a037684916767a8","106084"
"C:\Users\peewe\OneDrive\Desktop\homeix\publication\print_20260226_160410\fig_fair_contributions.png","37b23a1def82e466297199039c56d525f40f4be6281dbe4a00bdd4249b40b0ee","149544"
"C:\Users\peewe\OneDrive\Desktop\homeix\publication\print_20260226_160410\fig_fair_level.png","951b10434b1252904bfa5dae9c3619c2aa702f2f9ff9f0ca9adf1257094386e9","76884"
"C:\Users\peewe\OneDrive\Desktop\homeix\publication\print_20260226_203444\fig_price_and_fair_with_crash_starts.png","e92314b469dc3a962bd722a0d825623e1cdba789193b203dbabea0fcc5031b1e","148678"
"C:\Users\peewe\OneDrive\Desktop\homeix\publication\print_20260226_205052\anim_fair_direction_of_flow - Copy.gif","8079062060254a68e2410ae1e8603097e011b239d37a63a416e422cb877a842f","1655961"
"C:\Users\peewe\OneDrive\Desktop\homeix\publication\print_20260226_205052\fig_domain_mortgage_stock_gbp_bn.png","d9d3561ceccd6317effe26dbb5f13ed20c54a03924f57edcd0ee48e51e259e7a","58981"
"C:\Users\peewe\OneDrive\Desktop\homeix\publication\print_20260226_205052\fig_fair_contributions.png","02cd06a453f12e11bf4db91c280692ac9d09deca553fd0601440de4b9835cede","209197"
"C:\Users\peewe\OneDrive\Desktop\homeix\publication\print_20260226_205052\fig_fair_level.png","b8de69098795a5a747f32fa84913e3c3b73e8c6de91ec83bdbbffd56f9150011","156747"
"C:\Users\peewe\OneDrive\Desktop\homeix\publication\print_20260226_205052\fig_price_and_fair_with_crash_starts.png","2e6d73c2840f31ed867d4ff2293c3deaefdd94ea70dc3838c41b3d560ce5872e","153017"
"C:\Users\peewe\OneDrive\Desktop\homeix\publication\print_20260228_105921\assets\branding\Final-Logo.png","e08c42f9f68ffd8a5cb1e8f2947a4a27070f028cecbe83dc4986ca6d70254c43","94714"
"C:\Users\peewe\OneDrive\Desktop\homeix\publication\print_20260228_105921\assets\branding\Final-logomark.png","f93a52b9fd28cb330b37f7ef69b527321e973ee391c36e9d550736d1e718554d","40947"
"C:\Users\peewe\OneDrive\Desktop\homeix\publication\print_20260228_105921\sources\raw_pdfs\Affordable Housing Accounting Identity - Monica AI Chat.pdf","b49ef5668785105dbc10bff0fa0848799a44226c4b1ac9ee7c9fa9fc8bce27a2","439883"
"C:\Users\peewe\OneDrive\Desktop\homeix\publication\print_20260228_105921\sources\raw_pdfs\Affordable Housing Analysis Key Concepts - Monica AI Chat.pdf","f2609e4e374c05f8ecacbfe9a480bf2504610542b5297cc91f4e0d3ffe38d7ee","523942"
"C:\Users\peewe\OneDrive\Desktop\homeix\publication\print_20260228_105921\sources\raw_pdfs\Affordable Housing Market and Demand Concepts - Monica AI Chat.pdf","386220a482c83ead69635163571db7b713bb5118e44aae6be065ef54160f2215","441433"
"C:\Users\peewe\OneDrive\Desktop\homeix\publication\print_20260228_105921\sources\raw_pdfs\Affordable Housing OPUS, The Home@ix Formula (1).pdf","5b0d5930d53adeaf45869ef5e76caf8fe44a8a50eb5977dca35e2a22af8c4f2b","776198"
"C:\Users\peewe\OneDrive\Desktop\homeix\publication\print_20260228_105921\sources\raw_pdfs\barker_review_report_494.pdf","8ae2db47394ef08f55f993089216f92d0f09d7c795e210acf13f2762ddcec48c","505831"
"C:\Users\peewe\OneDrive\Desktop\homeix\publication\print_20260228_105921\sources\raw_pdfs\basl?e 3 BIS.pdf","37582be28f7d7172b83198aa4795e282d4690265939b824e24616ff79721d739","226631"
"C:\Users\peewe\OneDrive\Desktop\homeix\publication\print_20260228_105921\sources\raw_pdfs\Creating Sustainable Affordable Homes_ Formula and Proof for New Carbon Credit Offsets - Monica AI Chat.pdf","ea409ed6bd9f880d25f56bb6e6182499b3a76299c2185a257365652778b09fed","1605200"
"C:\Users\peewe\OneDrive\Desktop\homeix\publication\print_20260228_105921\sources\raw_pdfs\Disrupt-a-Broken-Industry-The-Industrial-Construction-Sandbox-1 (1) (1) (2).pdf","3558d057ab720a5ba14e66649b7e0bf5d97f7cafc92c3a14ace47ecf175811f5","707530"
"C:\Users\peewe\OneDrive\Desktop\homeix\publication\print_20260228_105921\sources\raw_pdfs\Financialisation of Housing Production.pdf","5c0b1ba20d224ae718dce75e8f7698daacc777d077f52fd8932565400f486ed6","993282"
"C:\Users\peewe\OneDrive\Desktop\homeix\publication\print_20260228_105921\sources\raw_pdfs\Framing The Housing Crisis Foye..pdf","1cdf4a5be5ee8c3fdc1302bb756ec56710983d32eea3318cb22776923c084928","2991472"
"C:\Users\peewe\OneDrive\Desktop\homeix\publication\print_20260228_105921\sources\raw_pdfs\Full Document Home@ix Housing research 27th July draft 3 (1).pdf","f3f4e0adb367dab0c0727379243bab01a7c5657763c1d005c51d9fb7bec3083b","3743599"
"C:\Users\peewe\OneDrive\Desktop\homeix\publication\print_20260228_105921\sources\raw_pdfs\Geoffrey Meen_ Christine Whitehead - Understanding Affordability_ The Economics of Housing Markets-Bristol University Press (2020).pdf","1a84471d2541f2121b3544cd02e0bcbb2ec7af488ac3298da368185497fe3040","40302249"
"C:\Users\peewe\OneDrive\Desktop\homeix\publication\print_20260228_105921\sources\raw_pdfs\Home@ix Affordable Homes, A Framework of Understanding. (8).pdf","8a5b0974b59e16970caa82861524596f10789d52d63d3490178c6606108fb430","6908810"
"C:\Users\peewe\OneDrive\Desktop\homeix\publication\print_20260228_105921\sources\raw_pdfs\Home@ix Bumper Sticker (3) (1).pdf","f7ed5b21e443df35cf69d20b99a490f6a2ebb55dc5ad42cf3aca0be2a0c93042","2373900"
"C:\Users\peewe\OneDrive\Desktop\homeix\publication\print_20260228_105921\sources\raw_pdfs\Home@ix Ltd business plan .pdf","104436d2f95f8a70dc77cf5d784227741b654bc68c54cf02ad52ab3e8bc22a97","2165599"
"C:\Users\peewe\OneDrive\Desktop\homeix\publication\print_20260228_105921\sources\raw_pdfs\Mathematical Proof for HomeMaker Effective Demand - Monica AI Chat.pdf","a33554923412f24c03e7c7dfb9cff65836eff78b822c24fff2a0d361c65ee704","1312027"
"C:\Users\peewe\OneDrive\Desktop\homeix\publication\print_20260228_105921\sources\raw_pdfs\Mathematical Proof for Updated Home@ix Formula - Monica AI Chat.pdf","11aaa6c4fe367c09f69052b4c8193395c021f0561c1049164d8714f9ca980fdd","2408554"
"C:\Users\peewe\OneDrive\Desktop\homeix\publication\print_20260228_105921\sources\raw_pdfs\mortgage-lending-and-the-housing-market (3).pdf","3b9d09c3f08e80f5a96c82f4683a42810804ffcaae58f21d5455d93d941206ed","2620134"
"C:\Users\peewe\OneDrive\Desktop\homeix\publication\print_20260228_105921\sources\raw_pdfs\Mulheirn 2019 20190820b-CaCHE-Housing-Supply-FINAL (1).pdf","fc382a03d8614b22a5d3e2b4db4bc2e36fe257f1ee680b1bc3bbced55cdd2ebb","483344"
"C:\Users\peewe\OneDrive\Desktop\homeix\publication\print_20260228_105921\sources\raw_pdfs\Myths, Lies and Oil Wars - Engdahl, F. William.pdf","06421c11debfc3eb4d978fd7f3be85533c95ba3fc3690585149293f686184d81","4034131"
"C:\Users\peewe\OneDrive\Desktop\homeix\publication\print_20260228_105921\sources\raw_pdfs\publications_parliament_uk_pa_cm201011_cmselect_cmtreasy_mem (1).pdf","0eb48e71a725f448f702a2788a89452d8236d6c7f2d2fec55cd6f7acb85e73c4","93018"
"C:\Users\peewe\OneDrive\Desktop\homeix\publication\print_20260228_105921\sources\raw_pdfs\Rethinking Money - Bernard Lietaer; Dunne, Jacqui.pdf","4e95d4eebf6d043149ebb27fc57ce7b26a3a902d4f0f3409e73a734127366cad","4397500"
"C:\Users\peewe\OneDrive\Desktop\homeix\publication\print_20260228_105921\sources\raw_pdfs\Richborough Estates and LPDF - a new normal for housebuilding (3) (2) (1) (1).pdf","1b42281af0f4bb57af64a082f2b7157e6555d717770468c6ffbe2346a946582e","694442"
"C:\Users\peewe\OneDrive\Desktop\homeix\publication\print_20260228_105921\sources\raw_pdfs\Shiller, Robert J - Irrational Exuberance 3rd edition-Princeton University Press (2015).pdf","ef698047a4bfcf725f887a2a1fc35419e5cd8da75dd029afd95c0dd6448a2257","7089545"
"C:\Users\peewe\OneDrive\Desktop\homeix\publication\print_20260228_105921\sources\raw_pdfs\SocialRentHousingatPacePlaybook_May24 (1).pdf","8c53a018a9ad1052e976da64e3e469d8f28f442008185191c8139e5b076435dd","6479245"
"C:\Users\peewe\OneDrive\Desktop\homeix\publication\print_20260228_105921\sources\raw_pdfs\ten-steps-to-affordable-housing-the-new-circuit-of-credit.pdf","5f2486351a5cf90b1bb48041ef04422cdcab7d8f6898639eee9eb4ce0a9bb6a4","508457"
"C:\Users\peewe\OneDrive\Desktop\homeix\publication\print_20260228_105921\sources\raw_pdfs\The Ending of the Long Monetary Expansion Cycle and a Brave new world of Housing Realism (4).pdf","7ed555a64e58f16941690552370c36ed0c0d6765b69219370d2b77f675bebe82","432779"
"C:\Users\peewe\OneDrive\Desktop\homeix\publication\print_20260228_105921\sources\raw_pdfs\The-Housing-Stock-of-the-United-Kingdom_Report_BRE-Trust (1).pdf","caba31710e29b10d8b3712ead10ee9df59702ff5350e0771742952094289feaf","5532632"
"C:\Users\peewe\OneDrive\Desktop\homeix\publication\print_20260228_105921\sources\raw_pdfs\Thinking-outside-the-box-Exploring-innovations-in-affordable-home-ownership-Final-for-publication-11.11.20 (2) (1).pdf","390300d09634aa5bf947f4b2876239a578b5587735f8dac66a7dcc1311f9378b","1033408"
"C:\Users\peewe\OneDrive\Desktop\homeix\publication\print_20260228_105921\sources\raw_pdfs\www_economicsnetwork_ac_uk_archive_starkey_banking2 (2).pdf","0adc3dbe10f586c4aadbf186ef0edf81bf56b751128c7a9e57ae77d3f6b89a15","1266721"
"C:\Users\peewe\OneDrive\Desktop\homeix\publication\print_20260228_105921\sources\raw_pdfs\www_linkedin_com_pulse_data_has_caught_up_plain_english_comm (1).pdf","5127f72825b4bf269eeb31a4c333de1ad745c7ec0ae1efc6d9efa89a47bc8c93","4361279"
"C:\Users\peewe\OneDrive\Desktop\homeix\publication\print_20260228_105921\sources\raw_pdfs\www_linkedin_com_pulse_housing_credit_broad_money_real_econo (1).pdf","7e734d79cdb3855f3ccd1117ac7dbe0d82ac4568bb4a1e5757edc1d01b8969ad","3702527"
"C:\Users\peewe\OneDrive\Desktop\homeix\publication\print_20260228_105921\sources\raw_pdfs\www_linkedin_com_pulse_title_when_housing_market_freezes_wha (1).pdf","525c6e8a7920766a4cfb8e8200b9ad2a3fb107331bb5d4b1fb4e187393485cb7","3980381"
"C:\Users\peewe\OneDrive\Desktop\homeix\publication\print_20260301_100031\figures\exhibit_1_turnover_cashshare_annual.png","899922d7743116601b0f64be645569768dbae65e72d5063629cedc495678d418","119220"
"C:\Users\peewe\OneDrive\Desktop\homeix\publication\print_20260301_100031\figures\exhibit_2a_transaction_levels_annual.png","71fa1d80641c88bb095ea42a77eb836815895310df15020820c35116ae153253","115814"
"C:\Users\peewe\OneDrive\Desktop\homeix\publication\print_20260301_100031\figures\exhibit_2b_transaction_mix_shares_annual.png","bb8e7b0a8b0937f69b4505495f06c9e30c9a2e4aa9b7eebab04342f09926abd6","76749"
"C:\Users\peewe\OneDrive\Desktop\homeix\publication\print_20260301_100031\figures\exhibit_3_mortgage_composition_annual.png","79c947f126e6e35b5750ba15de9c7debad0ba331fb84916be2b889e32e70c28d","87576"
"C:\Users\peewe\OneDrive\Desktop\homeix\publication\print_20260301_100031\figures\exhibit_4_price_vs_turnover_index_annual.png","72be25e146f3e72215acca2bb0d5d6205843a8fc055b1f107a6d3db1be2a78bd","107554"
"C:\Users\peewe\OneDrive\Desktop\homeix\publication\print_20260301_100417\figures\england_wales_cash_share_quarterly.png","d4bc0aeff099b37f605ff879ca49cb5b6d4a1b236f7239f5cf99003ed411f321","152042"
"C:\Users\peewe\OneDrive\Desktop\homeix\publication\print_20260301_100417\figures\exhibit_1_turnover_cashshare_annual.png","50b1e80c2e57a84682251a28744d975c7bea240759d34b4a72157b6be14ecbff","125865"
"C:\Users\peewe\OneDrive\Desktop\homeix\publication\print_20260301_100417\figures\exhibit_2a_transaction_levels_annual.png","38c5fea2d3ea7e8563be830526d6dfe08fdf47e4dba849327a2d118230102293","122966"
"C:\Users\peewe\OneDrive\Desktop\homeix\publication\print_20260301_100417\figures\exhibit_2b_transaction_mix_shares_annual.png","6477793c21f311283ba60eb5e18893914a23fcc459b552ca06ab06a038b2b534","84325"
"C:\Users\peewe\OneDrive\Desktop\homeix\publication\print_20260301_100417\figures\exhibit_3_mortgage_composition_annual.png","5b1daa1ceb616db3d99238b6840cdc69c786b9dfbb0f0cccd28ecd70c13fc90b","94714"
"C:\Users\peewe\OneDrive\Desktop\homeix\publication\print_20260301_100417\figures\exhibit_4_price_vs_turnover_index_annual.png","0b91945d3c0082a82cd4eef635fe4b88e22db1ce14272aa01f1e09b9ce433a6f","114972"
"C:\Users\peewe\OneDrive\Desktop\homeix\publication\print_20260301_100417\outputs\draft_paper_assets\fig_avg_leadtime_by_signal.png","b6ce81dbcff18698289f84afc5937aae22521255dcf438cc9b9161526b2b6d4d","64975"
"C:\Users\peewe\OneDrive\Desktop\homeix\publication\print_20260301_100417\outputs\draft_paper_assets\fig_price_and_fair_with_crash_starts.png","eef8cbd9d6bf8e9c0f4783a6862f1df43982248d3d4dda0147a3cb01dc0f1722","163006"
"C:\Users\peewe\OneDrive\Desktop\homeix\publication\print_20260301_100417\outputs\draft_paper_assets\fig_price_and_fair_with_crisis_starts.png","fe1277016f9055d6b0595f1a874f6f351f60394de62f1c746eb95041174fc217","163616"
"C:\Users\peewe\OneDrive\Desktop\homeix\publication\print_20260301_100417\outputs\fair_assets\anim_fair_direction_of_flow.gif","83e856d90d814488ba9e21b086b9f2d78788c1d5dc49dee827ca1a4cb621e064","1783940"
"C:\Users\peewe\OneDrive\Desktop\homeix\publication\print_20260301_100417\outputs\fair_assets\fig_fair_contributions.png","55f40003ea23702bbe52299e4fde8a321c5fc6d48cf72252baef799020cb37e1","210798"
"C:\Users\peewe\OneDrive\Desktop\homeix\publication\print_20260301_100417\outputs\fair_assets\fig_fair_level.png","06b767948a98732eb8501c0333884af742972e3141cc544a58ad70d2b9f0613d","159803"
"C:\Users\peewe\OneDrive\Desktop\homeix\publication\print_20260301_100417\outputs\figures\anim_fair_flow.gif","7f943b706e24d24a569d5d79b73f806f4761189ef7cf6e2a1468a0da5f74dbc2","1880532"
"C:\Users\peewe\OneDrive\Desktop\homeix\publication\print_20260301_100417\outputs\figures\exhibit_1_turnover_cashshare_annual.png","31bff32e2fe325de311598410e6bdc63fc1071514cd96719ab972f0e417edb95","117739"
"C:\Users\peewe\OneDrive\Desktop\homeix\publication\print_20260301_100417\outputs\figures\exhibit_2a_transaction_levels_annual.png","fa97782d251edc6ad82111cd5b5243a73ea3e6428ec598406243e264b311f553","114879"
"C:\Users\peewe\OneDrive\Desktop\homeix\publication\print_20260301_100417\outputs\figures\exhibit_2b_transaction_mix_shares_annual.png","c6cc98be6082214ec92debace64af68cb964eb1f7e1066cf0de811102dc0d5ec","75499"
"C:\Users\peewe\OneDrive\Desktop\homeix\publication\print_20260301_100417\outputs\figures\exhibit_4_price_vs_turnover_index_annual.png","5dd9be4b7d466dabd4d4ac829a9fe28927a0fc5d2b1716a730e9e2d6b9e2e7fe","106292"
"C:\Users\peewe\OneDrive\Desktop\homeix\publication\print_20260301_100417\outputs\figures\fig_domain_mortgage_stock_gbp_bn.png","68bac2811921cfd7d24222c951e3b121f1392fdcbcf2cc3fe20e143a57eb7312","61647"
"C:\Users\peewe\OneDrive\Desktop\homeix\publication\print_20260301_100417\outputs\figures\fig_domain_turnover_pct_q.png","7aae58be3932a2a46b024f081078e6cd261b7339a3168edbf7c6079afe5ff7de","110585"
"C:\Users\peewe\OneDrive\Desktop\homeix\publication\print_20260301_100417\outputs\figures\fig_fair_contrib.png","092cfb2a94a42fd1c53d1f9169aff3ba6d424a6ec086babb11829587bf228e50","227008"
"C:\Users\peewe\OneDrive\Desktop\homeix\publication\print_20260301_100417\outputs\figures\fig_fair_level.png","9269595e1ad0d7ab255849cea896f05eddbcc2344a4b786eb8e741f21ad1b629","167049"
"C:\Users\peewe\OneDrive\Desktop\homeix\_epub_extract\unzipped\cover_image.jpg","0c71d4bdd1a714ccac94e263735c3d3d08b4c2fe1d616ea16ecfbdfa54fb65c5","90131"
